Subtotal,City,State,Latitude,Longitude
175.0,Anchorage,AK,61.1508,-149.1091
149.0,Anchorage,AK,61.1508,-149.1091
175.0,Bethel,AK,60.7928,-161.7917
175.0,Juneau,AK,58.4546,-134.1739
166.0,Wasilla,AK,61.577,-149.466
195.0,Wasilla,AK,61.577,-149.466
195.0,Wasilla,AK,61.577,-149.466
195.0,Wasilla,AK,61.577,-149.466
29.0,Wasilla,AK,61.577,-149.466
166.0,Wasilla,AK,61.577,-149.466
100.0,Enterprise,AL,31.3276,-85.8459
39.95,Alabaster,AL,33.2198,-86.8225
595.0,Pelham,AL,33.3114,-86.7573
125.0,Pinson,AL,33.7057,-86.6674
14.95,Talladega,AL,33.4329,-86.0976
29.95,Tuscaloosa,AL,33.2348,-87.5267
625.0,Alma,AR,35.4919,-94.2165
295.0,Sulphur Springs,AR,34.1708,-92.1299
261.75,Bella Vista,AR,36.4667,-94.2707
345.0,Farmington,AR,36.037,-94.2537
23.95,Fort Smith,AR,35.3493,-94.3695
59.0,Fort Smith,AR,35.3493,-94.3695
26.96,Fort Smith,AR,35.3493,-94.3695
39.95,Apache Junction,AZ,33.3985,-111.5351
149.0,Apache Junction,AZ,33.3985,-111.5351
350.0,Casa Grande,AZ,32.9068,-111.7624
149.0,Chandler,AZ,33.2826,-111.8516
695.0,Gilbert,AZ,33.3101,-111.7463
349.0,Glendale,AZ,33.5791,-112.2311
175.0,Glendale,AZ,33.5791,-112.2311
261.75,Gold Canyon,AZ,33.3715,-111.4369
295.0,Gold Canyon,AZ,33.3715,-111.4369
295.0,Gold Canyon,AZ,33.3715,-111.4369
149.0,Kingman,AZ,35.217,-114.0105
149.0,Kingman,AZ,35.217,-114.0105
29.95,Lake Havasu City,AZ,34.5006,-114.3113
265.5,Lake Havasu City,AZ,34.5006,-114.3113
54.95,Marana,AZ,32.4355,-111.1558
521.25,Marana,AZ,32.4355,-111.1558
295.0,Oro Valley,AZ,32.4208,-110.9768
125.0,Oro Valley,AZ,32.4208,-110.9768
64.95,Peoria,AZ,33.7844,-112.2989
70.0,Phoenix,AZ,33.5722,-112.0891
70.0,Phoenix,AZ,33.5722,-112.0891
70.0,Phoenix,AZ,33.5722,-112.0891
70.0,Phoenix,AZ,33.5722,-112.0891
70.0,Phoenix,AZ,33.5722,-112.0891
70.0,Phoenix,AZ,33.5722,-112.0891
70.0,Phoenix,AZ,33.5722,-112.0891
70.0,Phoenix,AZ,33.5722,-112.0891
157.45,Tuba City,AZ,36.125,-111.2468
495.0,Tuba City,AZ,36.125,-111.2468
738.75,Tuba City,AZ,36.125,-111.2468
58.46,Tucson,AZ,32.1545,-110.8782
149.0,Tucson,AZ,32.1545,-110.8782
149.0,Tucson,AZ,32.1545,-110.8782
175.0,Tucson,AZ,32.1545,-110.8782
175.0,Tucson,AZ,32.1545,-110.8782
450.0,Tucson,AZ,32.1545,-110.8782
199.0,Tucson,AZ,32.1545,-110.8782
395.0,Alpine,CA,32.8439,-116.7585
84.6,Rancho Cucamonga,CA,34.1248,-117.5666
112.5,Anaheim,CA,33.839,-117.8572
34.99,Arroyo Grande,CA,35.1241,-120.5845
395.0,Atascadero,CA,35.4827,-120.6858
695.0,Brentwood,CA,37.9355,-121.7191
39.95,Calabasas,CA,34.1375,-118.6689
349.0,Fortuna,CA,40.5862,-124.1419
157.5,Cottonwood,CA,40.3904,-122.2861
39.95,Danville,CA,37.8121,-121.9698
521.25,El Cajon,CA,32.8017,-116.9605
149.0,Simi Valley,CA,34.2663,-118.749
56.25,Fremont,CA,37.5265,-121.9852
19.95,Huntington Beach,CA,33.696,-118.0025
595.0,Imperial Beach,CA,32.5689,-117.1184
106.25,Keene,CA,35.233000000000004,-118.6103
350.0,Long Beach,CA,33.7981,-118.1675
100.0,Los Angeles,CA,34.1139,-118.4068
470.0,Los Angeles,CA,34.1139,-118.4068
54.95,Madera,CA,36.9631,-120.0782
29.95,Mammoth Lakes,CA,37.6273,-118.99
74.98,Manteca,CA,37.7927,-121.2264
100.0,Mountain View,CA,37.4,-122.0796
395.0,Mountain View,CA,37.4,-122.0796
39.95,Murrieta,CA,33.571999999999996,-117.1909
39.95,Newport Beach,CA,33.6151,-117.8669
225.0,Oceanside,CA,33.2247,-117.3083
32.0,Orcutt,CA,34.8668,-120.4269
32.0,Orcutt,CA,34.8668,-120.4269
32.0,Orcutt,CA,34.8668,-120.4269
32.0,Orcutt,CA,34.8668,-120.4269
32.0,Orcutt,CA,34.8668,-120.4269
32.0,Orcutt,CA,34.8668,-120.4269
32.0,Orcutt,CA,34.8668,-120.4269
32.0,Orcutt,CA,34.8668,-120.4269
32.0,Orcutt,CA,34.8668,-120.4269
32.0,Orcutt,CA,34.8668,-120.4269
100.0,Palm Desert,CA,33.7378,-116.3695
200.0,Perris,CA,33.7899,-117.2233
350.0,Perris,CA,33.7899,-117.2233
64.95,Pleasanton,CA,37.6663,-121.8805
34.99,Poway,CA,32.9871,-117.0201
695.0,Rancho Murieta,CA,38.5085,-121.0716
596.25,Riverside,CA,33.9381,-117.3948
150.0,Rosamond,CA,34.8658,-118.2154
112.5,Rosamond,CA,34.8658,-118.2154
250.0,San Francisco,CA,37.7562,-122.443
34.99,San Lorenzo,CA,37.6737,-122.1349
172.95,San Luis Obispo,CA,35.2669,-120.6691
258.75,San Mateo,CA,37.5521,-122.3122
39.95,San Rafael,CA,37.9905,-122.5222
395.0,Santa Maria,CA,34.9334,-120.4432
625.5,Stockton,CA,37.9765,-121.3109
345.0,Tracy,CA,37.7269,-121.4522
382.5,Visalia,CA,36.3276,-119.3269
29.95,West Hollywood,CA,34.0882,-118.3718
148.75,Arvada,CO,39.8321,-105.1511
175.0,Arvada,CO,39.8321,-105.1511
350.0,Arvada,CO,39.8321,-105.1511
265.5,Arvada,CO,39.8321,-105.1511
64.95,Ault,CO,40.5893,-104.7392
157.5,Aurora,CO,39.7087,-104.7273
175.0,Aurora,CO,39.7087,-104.7273
630.0,Berthoud,CO,40.306999999999995,-105.0419
64.95,Black Hawk,CO,39.8043,-105.495
650.0,Black Hawk,CO,39.8043,-105.495
295.0,Boulder,CO,40.0249,-105.2523
225.0,Broomfield,CO,39.9541,-105.0527
175.0,Broomfield,CO,39.9541,-105.0527
111.75,Lincoln Park,CO,38.4255,-105.2132
695.0,Centennial,CO,39.5926,-104.8674
195.0,Colorado Springs,CO,38.8674,-104.7606
100.0,Colorado Springs,CO,38.8674,-104.7606
700.0,Colorado Springs,CO,38.8674,-104.7606
100.0,Colorado Springs,CO,38.8674,-104.7606
93.75,Colorado Springs,CO,38.8674,-104.7606
100.0,Colorado Springs,CO,38.8674,-104.7606
100.0,Colorado Springs,CO,38.8674,-104.7606
349.0,Colorado Springs,CO,38.8674,-104.7606
595.0,Colorado Springs,CO,38.8674,-104.7606
175.0,Aspen Park,CO,39.5423,-105.2968
395.0,Denver,CO,39.7621,-104.8759
32.0,Denver,CO,39.7621,-104.8759
32.0,Denver,CO,39.7621,-104.8759
32.0,Denver,CO,39.7621,-104.8759
32.0,Denver,CO,39.7621,-104.8759
32.0,Denver,CO,39.7621,-104.8759
32.0,Denver,CO,39.7621,-104.8759
32.0,Denver,CO,39.7621,-104.8759
32.0,Denver,CO,39.7621,-104.8759
32.0,Denver,CO,39.7621,-104.8759
32.0,Denver,CO,39.7621,-104.8759
32.0,Denver,CO,39.7621,-104.8759
71.95,Denver,CO,39.7621,-104.8759
295.0,Denver,CO,39.7621,-104.8759
175.0,Dolores,CO,37.4741,-108.4999
34.99,Erie,CO,40.0403,-105.0398
64.95,Evergreen,CO,39.6349,-105.3356
64.95,Fairplay,CO,39.2245,-105.9965
350.0,Fort Collins,CO,40.5478,-105.0656
1480.5,Fort Collins,CO,40.5478,-105.0656
93.75,Buena Vista,CO,38.832,-106.1386
64.95,La Jara,CO,37.2735,-105.9598
29.95,Lafayette,CO,39.9949,-105.0997
105.75,Littleton,CO,39.5915,-105.0188
89.0,Littleton,CO,39.5915,-105.0188
111.75,Loveland,CO,40.4166,-105.0623
64.95,Manassa,CO,37.1738,-105.9373
225.0,Montrose,CO,38.469,-107.859
125.0,Monument,CO,39.0735,-104.8467
157.5,Pagosa Springs,CO,37.2674,-107.0307
350.0,Parker,CO,39.5084,-104.7753
175.0,Steamboat Springs,CO,40.4777,-106.8243
350.0,Thornton,CO,39.9197,-104.9438
90.0,Wellington,CO,40.7,-105.0054
34.99,Wellington,CO,40.7,-105.0054
175.0,New London,CT,41.3502,-72.1023
149.0,New Haven,CT,41.3112,-72.9246
315.0,New Haven,CT,41.3112,-72.9246
175.0,Higganum,CT,41.49,-72.5562
39.9,West Haven,CT,41.2739,-72.9672
595.0,Washington,DC,38.9047,-77.0163
175.0,Dover,DE,39.161,-75.5203
175.0,Newark,DE,39.6776,-75.7573
49.46,Auburndale,FL,28.0962,-81.8011
34.99,Bradenton,FL,27.49,-82.5739
261.75,Branford,FL,29.9619,-82.9237
10.8,Clearwater,FL,27.9789,-82.7622
53.1,Clearwater,FL,27.9789,-82.7622
149.0,Orange City,FL,28.9347,-81.2881
261.75,Fort Walton Beach,FL,30.4249,-86.6194
39.95,Fort Walton Beach,FL,30.4249,-86.6194
695.0,Jupiter,FL,26.9199,-80.1128
100.0,Lakeland,FL,28.0556,-81.9545
29.97,Lakeland,FL,28.0556,-81.9545
770.0,Melbourne,FL,28.1085,-80.6627
19.95,Merritt Island,FL,28.3146,-80.6713
64.95,Middleburg,FL,30.0502,-81.9011
64.99,Palm Coast,FL,29.5392,-81.24600000000001
350.0,Palm Coast,FL,29.5392,-81.24600000000001
50.0,Pensacola,FL,30.4427,-87.1886
50.0,Pensacola,FL,30.4427,-87.1886
50.0,Pensacola,FL,30.4427,-87.1886
50.0,Pensacola,FL,30.4427,-87.1886
50.0,Pensacola,FL,30.4427,-87.1886
50.0,Pensacola,FL,30.4427,-87.1886
21.56,Pensacola,FL,30.4427,-87.1886
20.0,Pensacola,FL,30.4427,-87.1886
93.75,Pensacola,FL,30.4427,-87.1886
125.0,Port Charlotte,FL,26.9918,-82.11399999999999
75.0,Port Orange,FL,29.1084,-81.0137
112.5,Spring Hill,FL,28.4797,-82.53
175.0,Spring Hill,FL,28.4797,-82.53
445.5,Sunny Isles Beach,FL,25.9385,-80.1246
175.0,Tallahassee,FL,30.4551,-84.2526
11.99,Tampa,FL,27.9942,-82.4451
21.56,Tavares,FL,28.7921,-81.7353
350.0,The Villages,FL,28.9021,-81.9888
39.95,Live Oak,FL,30.2956,-82.9847
715.5,Winter Haven,FL,28.0118,-81.7017
625.5,Alpharetta,GA,34.0704,-84.2739
625.5,Canton,GA,34.2467,-84.49
39.95,Cartersville,GA,34.1639,-84.8007
695.0,Cleveland,GA,34.5971,-83.7621
395.0,Conyers,GA,33.6645,-83.9966
349.0,Kennesaw,GA,34.025999999999996,-84.6177
100.0,Savannah,GA,32.0281,-81.1784
395.0,Savannah,GA,32.0281,-81.1784
112.5,Savannah,GA,32.0281,-81.1784
29.95,Vidalia,GA,32.2125,-82.4019
695.0,Woodstock,GA,34.1026,-84.509
100.0,Kula,HI,20.7706,-156.3284
588.59,Kula,HI,20.7706,-156.3284
64.95,Aurelia,IA,42.7131,-95.4368
11.99,Des Moines,IA,41.5725,-93.6105
695.0,Durango,IA,42.56100000000001,-90.7743
54.95,Hinton,IA,42.6212,-96.2978
11.99,Kamrar,IA,42.3898,-93.728
54.95,Panora,IA,41.691,-94.3636
315.0,Pella,IA,41.4051,-92.9177
345.0,Sibley,IA,43.4013,-95.7438
595.0,Walford,IA,41.8796,-91.8308
149.0,Waterloo,IA,42.492,-92.3522
44.95,Blackfoot,ID,43.193999999999996,-112.3455
149.0,Boise,ID,43.6007,-116.2312
125.0,Boise,ID,43.6007,-116.2312
175.0,Bonners Ferry,ID,48.6928,-116.3183
225.0,Chubbuck,ID,42.9261,-112.4624
149.0,Cottonwood,ID,46.051,-116.3497
279.0,Driggs,ID,43.7297,-111.1033
250.0,Driggs,ID,43.7297,-111.1033
150.0,Idaho Falls,ID,43.4872,-112.0362
54.95,Idaho Falls,ID,43.4872,-112.0362
149.0,Idaho Falls,ID,43.4872,-112.0362
350.0,Idaho Falls,ID,43.4872,-112.0362
175.0,Idaho Falls,ID,43.4872,-112.0362
695.0,Idaho Falls,ID,43.4872,-112.0362
350.0,Idaho Falls,ID,43.4872,-112.0362
175.0,Idaho Falls,ID,43.4872,-112.0362
67.5,Idaho Falls,ID,43.4872,-112.0362
87.45,Idaho Falls,ID,43.4872,-112.0362
104.97,Nampa,ID,43.5845,-116.5631
34.99,Nampa,ID,43.5845,-116.5631
34.99,Nampa,ID,43.5845,-116.5631
34.99,Nampa,ID,43.5845,-116.5631
14.95,Pocatello,ID,42.8724,-112.4646
395.0,Post Falls,ID,47.7213,-116.9385
19.95,Sandpoint,ID,48.2822,-116.5613
34.99,St. Anthony,ID,43.9649,-111.6841
64.95,Salmon,ID,45.1743,-113.8948
34.99,Soda Springs,ID,42.659,-111.5878
350.0,Weiser,ID,44.2547,-116.9689
19.95,Wilder,ID,43.6782,-116.90700000000001
100.0,Antioch,IL,42.4742,-88.0721
350.0,Atkinson,IL,41.4167,-90.0085
11.99,Batavia,IL,41.8479,-88.311
375.0,Kankakee,IL,41.1019,-87.8643
100.0,Kankakee,IL,41.1019,-87.8643
100.0,Lake Villa,IL,42.4184,-88.0836
29.95,Lombard,IL,41.8742,-88.0157
149.0,Alpha,IL,41.1917,-90.3802
26.25,Parkersburg,IL,38.5891,-88.0568
125.0,Rockton,IL,42.45,-89.0629
125.0,Oak Grove,IL,41.4119,-90.5742
337.5,Winnetka,IL,42.1064,-87.7421
100.0,Anderson,IN,40.0891,-85.6893
59.95,Crown Point,IN,41.4141,-87.3457
58.46,Elkhart,IN,41.6916,-85.9628
355.5,Ferdinand,IN,38.2269,-86.8631
49.95,Indianapolis,IN,39.7771,-86.1458
355.5,La Porte,IN,41.6077,-86.7136
335.75,Lizton,IN,39.8837,-86.5416
225.0,Mishawaka,IN,41.6736,-86.1669
350.0,New Whiteland,IN,39.5617,-86.0996
355.5,Terre Haute,IN,39.4654,-87.3763
157.5,Valparaiso,IN,41.4782,-87.0507
395.0,Winona Lake,IN,41.2166,-85.8106
22.46,El Dorado,KS,37.8209,-96.8614
56.25,Lawrence,KS,38.9597,-95.2641
450.0,Lawrence,KS,38.9597,-95.2641
149.0,Lawrence,KS,38.9597,-95.2641
695.0,Leawood,KS,38.9076,-94.6258
195.0,Overland Park,KS,38.887,-94.68700000000001
157.5,Overland Park,KS,38.887,-94.68700000000001
34.99,Overland Park,KS,38.887,-94.68700000000001
125.0,Pratt,KS,37.6764,-98.7451
175.0,Shawnee,KS,39.0158,-94.8076
265.5,Shawnee,KS,39.0158,-94.8076
100.0,Wichita,KS,37.6896,-97.3442
75.0,Berea,KY,37.5904,-84.2898
64.95,Cadiz,KY,36.8695,-87.8048
195.0,Baton Rouge,LA,30.4418,-91.131
100.0,Baton Rouge,LA,30.4418,-91.131
149.0,Baton Rouge,LA,30.4418,-91.131
100.0,Baton Rouge,LA,30.4418,-91.131
79.9,Denham Springs,LA,30.4743,-90.9594
34.99,Haughton,LA,32.5271,-93.5042
175.0,Attleboro,MA,41.9311,-71.295
66.75,Newton,MA,42.3316,-71.2085
58.46,Worcester,MA,42.2705,-71.8079
64.95,Worcester,MA,42.2705,-71.8079
715.5,Brockton,MA,42.0821,-71.0242
75.0,Waltham,MA,42.3889,-71.2423
295.0,La Plata,MD,38.5352,-76.9701
395.0,La Plata,MD,38.5352,-76.9701
125.0,Reisterstown,MD,39.4552,-76.8144
64.95,Waterville,ME,44.5441,-69.6624
355.5,Waterville,ME,44.5441,-69.6624
29.95,Bangor,ME,44.8322,-68.7906
54.95,Bangor,ME,44.8322,-68.7906
355.5,Caribou,ME,46.8662,-67.9919
175.0,Caribou,ME,46.8662,-67.9919
157.5,South Portland,ME,43.631,-70.2895
157.5,Portland,ME,43.6773,-70.2715
350.0,Allegan,MI,42.5299,-85.8462
54.95,Ann Arbor,MI,42.2755,-83.7312
395.0,Benton Harbor,MI,42.1159,-86.4488
175.0,Port Huron,MI,42.9822,-82.4387
315.0,Westland,MI,42.3192,-83.3805
54.95,East Jordan,MI,45.1547,-85.13
157.5,Edwardsburg,MI,41.7965,-86.0835
395.0,Taylor,MI,42.226000000000006,-83.2688
292.5,Taylor,MI,42.226000000000006,-83.2688
261.75,Gwinn,MI,46.2913,-87.4372
13.46,Howell,MI,42.6078,-83.9339
111.75,Kalamazoo,MI,42.2749,-85.5882
100.0,Mattawan,MI,42.2165,-85.7858
64.95,Mattawan,MI,42.2165,-85.7858
349.0,Mattawan,MI,42.2165,-85.7858
175.0,Mattawan,MI,42.2165,-85.7858
54.95,Monroe,MI,41.9154,-83.385
149.0,Niles,MI,41.8346,-86.2473
349.0,Novi,MI,42.4786,-83.4893
395.0,Alpena,MI,45.074,-83.4399
34.99,Schoolcraft,MI,42.117,-85.6337
350.0,Sterling Heights,MI,42.5809,-83.0305
64.95,Gaylord,MI,45.0213,-84.6803
314.1,Floodwood,MN,46.9173,-92.9187
54.95,Andover,MN,45.2571,-93.3265
395.0,Battle Lake,MN,46.2848,-95.7187
34.99,Burnsville,MN,44.7648,-93.2795
11.99,Coon Rapids,MN,45.1755,-93.3095
225.0,Crookston,MN,47.7747,-96.6062
175.0,Hawley,MN,46.876999999999995,-96.318
175.0,Longville,MN,46.9877,-94.212
64.95,Madison,MN,45.0127,-96.1889
135.0,Mayer,MN,44.8868,-93.8904
119.9,Menahga,MN,46.7471,-95.1012
14.95,Milaca,MN,45.7573,-93.6522
225.0,Milaca,MN,45.7573,-93.6522
21.56,Minneapolis,MN,44.9635,-93.2678
535.5,Minneapolis,MN,44.9635,-93.2678
295.0,Minneapolis,MN,44.9635,-93.2678
175.0,North Branch,MN,45.5137,-92.9601
261.75,Oakdale,MN,44.9876,-92.9641
315.0,Stillwater,MN,45.0573,-92.8313
314.1,Woodbury,MN,44.9056,-92.92299999999999
2502.0,Woodbury,MN,44.9056,-92.92299999999999
349.0,Cape Girardeau,MO,37.3108,-89.5597
83.0,St. Louis,MO,38.6358,-90.2451
83.0,St. Louis,MO,38.6358,-90.2451
83.0,St. Louis,MO,38.6358,-90.2451
83.0,St. Louis,MO,38.6358,-90.2451
83.0,St. Louis,MO,38.6358,-90.2451
83.0,St. Louis,MO,38.6358,-90.2451
34.99,St. Louis,MO,38.6358,-90.2451
49.95,Excello,MO,39.6334,-92.4743
315.0,High Ridge,MO,38.4608,-90.5339
715.5,Holts Summit,MO,38.6474,-92.1142
134.1,Innsbrook,MO,38.7631,-91.0552
336.6,Innsbrook,MO,38.7631,-91.0552
75.0,Kansas City,MO,39.1239,-94.5541
112.5,Kansas City,MO,39.1239,-94.5541
93.75,Kansas City,MO,39.1239,-94.5541
9.95,O'Fallon,MO,38.785,-90.7175
29.9,Osage Beach,MO,38.1353,-92.6479
450.0,Park Hills,MO,37.8211,-90.505
349.0,Reeds Spring,MO,36.7402,-93.3797
131.25,Springfield,MO,37.1943,-93.2916
349.0,West Plains,MO,36.7378,-91.868
26.91,Willow Springs,MO,36.9878,-91.9621
314.1,Hernando,MS,34.85,-89.9922
13.46,McComb,MS,31.2442,-90.4717
35.0,Anaconda,MT,46.0607,-113.0679
35.0,Anaconda,MT,46.0607,-113.0679
35.0,Anaconda,MT,46.0607,-113.0679
35.0,Anaconda,MT,46.0607,-113.0679
35.0,Anaconda,MT,46.0607,-113.0679
50.5,Anaconda,MT,46.0607,-113.0679
50.5,Anaconda,MT,46.0607,-113.0679
50.5,Anaconda,MT,46.0607,-113.0679
50.5,Anaconda,MT,46.0607,-113.0679
50.5,Anaconda,MT,46.0607,-113.0679
50.5,Anaconda,MT,46.0607,-113.0679
50.5,Anaconda,MT,46.0607,-113.0679
50.5,Anaconda,MT,46.0607,-113.0679
50.5,Anaconda,MT,46.0607,-113.0679
50.5,Anaconda,MT,46.0607,-113.0679
50.5,Anaconda,MT,46.0607,-113.0679
50.5,Anaconda,MT,46.0607,-113.0679
100.0,Babb,MT,48.8777,-113.4408
29.97,Belgrade,MT,45.7796,-111.1751
39.95,Belgrade,MT,45.7796,-111.1751
295.0,Big Sky,MT,45.2592,-111.3426
295.0,Bigfork,MT,48.0852,-114.0551
39.95,Bigfork,MT,48.0852,-114.0551
650.0,Billings,MT,45.7891,-108.5524
100.0,Billings,MT,45.7891,-108.5524
695.0,Billings,MT,45.7891,-108.5524
11.99,Billings,MT,45.7891,-108.5524
125.0,Billings,MT,45.7891,-108.5524
690.0,Billings,MT,45.7891,-108.5524
715.5,Bozeman,MT,45.6832,-111.0552
149.0,Bozeman,MT,45.6832,-111.0552
355.5,Bozeman,MT,45.6832,-111.0552
100.0,Bozeman,MT,45.6832,-111.0552
295.0,Bozeman,MT,45.6832,-111.0552
90.0,Bozeman,MT,45.6832,-111.0552
395.0,Bozeman,MT,45.6832,-111.0552
31.5,Bozeman,MT,45.6832,-111.0552
100.0,Choteau,MT,47.8137,-112.1794
149.0,Clyde Park,MT,45.88399999999999,-110.6057
150.0,Columbia Falls,MT,48.3708,-114.1903
19.95,Columbia Falls,MT,48.3708,-114.1903
32.0,Columbia Falls,MT,48.3708,-114.1903
32.0,Columbia Falls,MT,48.3708,-114.1903
32.0,Columbia Falls,MT,48.3708,-114.1903
32.0,Columbia Falls,MT,48.3708,-114.1903
84.9,Conrad,MT,48.1741,-111.9466
355.5,Corvallis,MT,46.31399999999999,-114.1121
79.9,Corvallis,MT,46.31399999999999,-114.1121
49.46,Darby,MT,46.0234,-114.179
395.0,Darby,MT,46.0234,-114.179
344.0,Darby,MT,46.0234,-114.179
90.0,Butte,MT,45.902,-112.6571
175.0,East Helena,MT,46.585,-111.9158
175.0,East Helena,MT,46.585,-111.9158
175.0,East Helena,MT,46.585,-111.9158
715.5,Ennis,MT,45.3461,-111.7319
100.0,Florence,MT,46.6345,-114.0814
225.0,Florence,MT,46.6345,-114.0814
225.0,Gallatin Gateway,MT,45.5899,-111.1953
950.0,Glendive,MT,47.1102,-104.7069
39.95,Great Falls,MT,47.5022,-111.2995
11.99,Great Falls,MT,47.5022,-111.2995
150.0,Hamilton,MT,46.2527,-114.1598
149.0,Hamilton,MT,46.2527,-114.1598
179.8,Hamilton,MT,46.2527,-114.1598
350.0,Hamilton,MT,46.2527,-114.1598
350.0,Hamilton,MT,46.2527,-114.1598
395.0,Helena,MT,46.5965,-112.0202
715.5,Helena,MT,46.5965,-112.0202
31.5,Helena,MT,46.5965,-112.0202
745.0,Helena,MT,46.5965,-112.0202
625.5,Huntley,MT,45.8995,-108.3054
712.5,Joliet,MT,45.4845,-108.9721
110.0,Kalispell,MT,48.2156,-114.3262
100.0,Kalispell,MT,48.2156,-114.3262
69.98,Kalispell,MT,48.2156,-114.3262
698.0,Kalispell,MT,48.2156,-114.3262
19.95,Kalispell,MT,48.2156,-114.3262
17.5,Kalispell,MT,48.2156,-114.3262
39.95,Kalispell,MT,48.2156,-114.3262
49.0,Kalispell,MT,48.2156,-114.3262
49.0,Kalispell,MT,48.2156,-114.3262
49.0,Kalispell,MT,48.2156,-114.3262
49.0,Kalispell,MT,48.2156,-114.3262
83.0,Kalispell,MT,48.2156,-114.3262
83.0,Kalispell,MT,48.2156,-114.3262
83.0,Kalispell,MT,48.2156,-114.3262
83.0,Kalispell,MT,48.2156,-114.3262
19.95,Kalispell,MT,48.2156,-114.3262
202.5,Laurel,MT,45.6735,-108.7707
314.1,Laurel,MT,45.6735,-108.7707
29.95,Laurel,MT,45.6735,-108.7707
315.0,Livingston,MT,45.6666,-110.5538
106.25,Lolo,MT,46.7756,-114.1018
225.0,Lolo,MT,46.7756,-114.1018
19.95,Marion,MT,48.0858,-114.6711
225.0,Miles City,MT,46.4059,-105.8385
225.0,Miles City,MT,46.4059,-105.8385
544.0,Missoula,MT,46.875,-114.0214
24.95,Missoula,MT,46.875,-114.0214
24.95,Missoula,MT,46.875,-114.0214
175.5,Missoula,MT,46.875,-114.0214
149.0,Missoula,MT,46.875,-114.0214
314.1,Missoula,MT,46.875,-114.0214
35.96,Missoula,MT,46.875,-114.0214
450.0,Missoula,MT,46.875,-114.0214
29.95,Missoula,MT,46.875,-114.0214
34.56,Missoula,MT,46.875,-114.0214
40.32,Missoula,MT,46.875,-114.0214
73.89,Missoula,MT,46.875,-114.0214
45.09,Missoula,MT,46.875,-114.0214
42.21,Missoula,MT,46.875,-114.0214
75.81,Missoula,MT,46.875,-114.0214
26.82,Missoula,MT,46.875,-114.0214
28.79,Missoula,MT,46.875,-114.0214
11.46,Missoula,MT,46.875,-114.0214
40.23,Missoula,MT,46.875,-114.0214
31.2,Missoula,MT,46.875,-114.0214
49.41,Missoula,MT,46.875,-114.0214
26.82,Missoula,MT,46.875,-114.0214
34.6,Missoula,MT,46.875,-114.0214
68.75,Missoula,MT,46.875,-114.0214
13.41,Missoula,MT,46.875,-114.0214
13.41,Missoula,MT,46.875,-114.0214
40.69,Missoula,MT,46.875,-114.0214
13.41,Missoula,MT,46.875,-114.0214
26.82,Missoula,MT,46.875,-114.0214
13.41,Missoula,MT,46.875,-114.0214
13.41,Missoula,MT,46.875,-114.0214
62.82,Missoula,MT,46.875,-114.0214
26.82,Missoula,MT,46.875,-114.0214
40.23,Missoula,MT,46.875,-114.0214
13.41,Missoula,MT,46.875,-114.0214
26.82,Missoula,MT,46.875,-114.0214
80.47,Missoula,MT,46.875,-114.0214
70.52,Missoula,MT,46.875,-114.0214
49.61,Missoula,MT,46.875,-114.0214
62.82,Missoula,MT,46.875,-114.0214
98.26,Missoula,MT,46.875,-114.0214
13.41,Missoula,MT,46.875,-114.0214
107.43,Missoula,MT,46.875,-114.0214
29.7,Missoula,MT,46.875,-114.0214
9.12,Missoula,MT,46.875,-114.0214
6.9,Missoula,MT,46.875,-114.0214
13.41,Missoula,MT,46.875,-114.0214
9.39,Missoula,MT,46.875,-114.0214
19.8,Missoula,MT,46.875,-114.0214
13.41,Missoula,MT,46.875,-114.0214
53.64,Missoula,MT,46.875,-114.0214
26.82,Missoula,MT,46.875,-114.0214
26.82,Missoula,MT,46.875,-114.0214
15.73,Missoula,MT,46.875,-114.0214
26.82,Missoula,MT,46.875,-114.0214
34.53,Missoula,MT,46.875,-114.0214
36.94,Missoula,MT,46.875,-114.0214
66.4,Missoula,MT,46.875,-114.0214
23.9,Missoula,MT,46.875,-114.0214
11.49,Missoula,MT,46.875,-114.0214
22.98,Missoula,MT,46.875,-114.0214
183.86,Missoula,MT,46.875,-114.0214
34.47,Missoula,MT,46.875,-114.0214
34.47,Missoula,MT,46.875,-114.0214
34.47,Missoula,MT,46.875,-114.0214
90.0,Polson,MT,47.6886,-114.1411
100.0,Polson,MT,47.6886,-114.1411
35.96,Polson,MT,47.6886,-114.1411
149.75,Polson,MT,47.6886,-114.1411
650.0,Ronan,MT,47.5287,-114.1005
149.0,Ronan,MT,47.5287,-114.1005
157.5,Roundup,MT,46.4485,-108.5402
445.5,Somers,MT,48.0824,-114.2343
349.0,Stevensville,MT,46.511,-114.0788
100.0,Stevensville,MT,46.511,-114.0788
149.0,Stevensville,MT,46.511,-114.0788
100.0,Toston,MT,46.1658,-111.446
695.0,Toston,MT,46.1658,-111.446
535.5,Toston,MT,46.1658,-111.446
349.0,Townsend,MT,46.3192,-111.5197
79.9,Trout Creek,MT,47.8331,-115.5837
150.0,Victor,MT,46.4161,-114.1491
225.0,Victor,MT,46.4161,-114.1491
64.95,Victor,MT,46.4161,-114.1491
100.0,Victor,MT,46.4161,-114.1491
149.0,Victor,MT,46.4161,-114.1491
157.5,Victor,MT,46.4161,-114.1491
12.0,Victor,MT,46.4161,-114.1491
175.0,Victor,MT,46.4161,-114.1491
12.0,Victor,MT,46.4161,-114.1491
12.0,Victor,MT,46.4161,-114.1491
12.0,Victor,MT,46.4161,-114.1491
12.0,Victor,MT,46.4161,-114.1491
100.0,Victor,MT,46.4161,-114.1491
165.75,Victor,MT,46.4161,-114.1491
110.0,Victor,MT,46.4161,-114.1491
112.5,Victor,MT,46.4161,-114.1491
99.0,Victor,MT,46.4161,-114.1491
112.5,Victor,MT,46.4161,-114.1491
112.5,Victor,MT,46.4161,-114.1491
100.0,White Sulphur Springs,MT,46.5452,-110.9039
395.0,White Sulphur Springs,MT,46.5452,-110.9039
104.97,Whitefish,MT,48.4329,-114.3591
89.0,Whitefish,MT,48.4329,-114.3591
80.1,Whitefish,MT,48.4329,-114.3591
35.96,Whitefish,MT,48.4329,-114.3591
1490.0,Dillon,MT,45.2177,-112.6348
395.0,Archdale,NC,35.9033,-79.9592
149.0,Boone,NC,36.2111,-81.6668
175.0,Bryson City,NC,35.4262,-83.4474
11.99,Durham,NC,35.9794,-78.9031
11.99,Durham,NC,35.9794,-78.9031
355.5,Hayesville,NC,35.045,-83.8179
111.75,Lansing,NC,36.4989,-81.5098
24.95,Lansing,NC,36.4989,-81.5098
225.0,Oxford,NC,36.3155,-78.5848
39.99,Pikeville,NC,35.4971,-77.9879
125.0,Spruce Pine,NC,35.9104,-82.0731
64.95,Waynesville,NC,35.4854,-82.9995
695.0,Weddington,NC,35.0228,-80.7383
80.1,Wilmington,NC,34.21,-77.8866
112.5,Winston-Salem,NC,36.1029,-80.2611
715.5,Bismarck,ND,46.8144,-100.7694
521.25,Bismarck,ND,46.8144,-100.7694
625.5,Bowman,ND,46.184,-103.3991
225.0,Cleveland,ND,46.891000000000005,-99.1196
34.99,Crosby,ND,48.9161,-103.2966
149.0,Fargo,ND,46.8652,-96.8292
69.98,Fargo,ND,46.8652,-96.8292
64.95,Fort Yates,ND,46.0866,-100.63
202.5,Langdon,ND,48.7624,-98.3747
100.0,Williston,ND,48.1814,-103.6364
34.99,Bellevue,NE,41.1535,-95.9357
459.95,Gretna,NE,41.1319,-96.2447
349.0,Hoskins,NE,42.1126,-97.3045
355.5,Lincoln,NE,40.809,-96.6788
39.95,North Platte,NE,41.1266,-100.764
275.0,Omaha,NE,41.2627,-96.0522
26.96,Omaha,NE,41.2627,-96.0522
54.95,Manchester,NH,42.9848,-71.4447
350.0,Manchester,NH,42.9848,-71.4447
100.0,Manchester,NH,42.9848,-71.4447
891.0,Manchester,NH,42.9848,-71.4447
54.95,Manchester,NH,42.9848,-71.4447
175.0,Manchester,NH,42.9848,-71.4447
100.0,Manchester,NH,42.9848,-71.4447
175.0,Portsmouth,NH,43.058,-70.7826
134.1,Laconia,NH,43.5724,-71.4775
157.5,Laconia,NH,43.5724,-71.4775
175.0,Keene,NH,42.9494,-72.2997
175.0,Rochester,NH,43.299,-70.9787
175.0,Lebanon,NH,43.6353,-72.2531
395.0,Allentown,NJ,40.1777,-74.5873
247.5,Brielle,NJ,40.1048,-74.0636
355.5,Columbia,NJ,40.926,-75.0945
134.1,Clayton,NJ,39.6627,-75.0782
175.0,Manahawkin,NJ,39.6931,-74.2493
157.5,Asbury Park,NJ,40.2226,-74.0119
93.75,Palmyra,NJ,40.0025,-75.036
11.99,Albuquerque,NM,35.1053,-106.6464
134.1,Aztec,NM,36.819,-107.9826
34.99,Clovis,NM,34.4376,-103.1923
345.0,Las Cruces,NM,32.3265,-106.7892
175.0,Truth or Consequences,NM,33.1864,-107.2589
337.5,Truth or Consequences,NM,33.1864,-107.2589
356.18,Boulder City,NV,35.8407,-114.9257
250.75,Las Vegas,NV,36.2333,-115.2654
149.0,Las Vegas,NV,36.2333,-115.2654
200.0,Las Vegas,NV,36.2333,-115.2654
67.5,Las Vegas,NV,36.2333,-115.2654
149.0,Las Vegas,NV,36.2333,-115.2654
149.0,Las Vegas,NV,36.2333,-115.2654
100.0,Las Vegas,NV,36.2333,-115.2654
100.0,Las Vegas,NV,36.2333,-115.2654
149.0,Las Vegas,NV,36.2333,-115.2654
350.0,Las Vegas,NV,36.2333,-115.2654
157.5,Las Vegas,NV,36.2333,-115.2654
64.95,Pahrump,NV,36.2411,-116.0176
149.0,Reno,NV,39.5497,-119.8483
100.0,Batavia,NY,42.9987,-78.1802
225.0,Batavia,NY,42.9987,-78.1802
149.0,Au Sable Forks,NY,44.4507,-73.6738
355.5,Saranac Lake,NY,44.3245,-74.1314
175.0,Saranac Lake,NY,44.3245,-74.1314
150.0,Saranac Lake,NY,44.3245,-74.1314
157.5,Brooklyn,NY,40.6501,-73.9496
79.9,Brooklyn,NY,40.6501,-73.9496
11.99,Brooklyn,NY,40.6501,-73.9496
54.95,Rome,NY,43.226000000000006,-75.4909
58.46,Rome,NY,43.226000000000006,-75.4909
89.0,Rome,NY,43.226000000000006,-75.4909
355.5,Rochester,NY,43.168,-77.6162
64.95,Rochester,NY,43.168,-77.6162
315.0,Rochester,NY,43.168,-77.6162
484.75,Rochester,NY,43.168,-77.6162
39.95,Castleton-on-Hudson,NY,42.5332,-73.7493
315.0,Chestnut Ridge,NY,41.0829,-74.0551
175.0,Peekskill,NY,41.2883,-73.9227
239.95,Endicott,NY,42.098,-76.0639
100.0,Endicott,NY,42.098,-76.0639
100.0,Endicott,NY,42.098,-76.0639
56.55,Endicott,NY,42.098,-76.0639
633.25,Endicott,NY,42.098,-76.0639
100.0,Saratoga Springs,NY,43.0674,-73.7775
168.75,Saratoga Springs,NY,43.0674,-73.7775
175.0,Binghamton,NY,42.1014,-75.9093
64.95,Morrisonville,NY,44.6922,-73.5505
100.0,New York,NY,40.6943,-73.9249
123.95,New York,NY,40.6943,-73.9249
34.95,New York,NY,40.6943,-73.9249
34.95,New York,NY,40.6943,-73.9249
265.5,New York,NY,40.6943,-73.9249
371.25,Northville,NY,40.9723,-72.618
295.0,Ronkonkoma,NY,40.804,-73.1258
62.99,Sayville,NY,40.7478,-73.084
64.95,Silver Creek,NY,42.5426,-79.1677
34.99,Tonawanda,NY,43.0105,-78.8805
295.0,Wantagh,NY,40.6686,-73.5104
355.5,Woodbury,NY,41.3284,-74.1004
355.5,Woodbury,NY,40.8177,-73.4703
295.0,Wynantskill,NY,42.6881,-73.6467
29.95,Cincinnati,OH,39.1413,-84.5061
125.0,Cincinnati,OH,39.1413,-84.5061
23.95,Cleveland,OH,41.4767,-81.6804
295.0,Columbus,OH,39.9862,-82.985
295.0,Logan,OH,39.5386,-82.4063
37.49,Mansfield,OH,40.7656,-82.5275
39.95,Northwood,OH,41.6089,-83.4836
29.95,Reynoldsburg,OH,39.9587,-82.7944
29.95,Uniontown,OH,40.9736,-81.4045
795.0,Xenia,OH,39.6828,-83.9414
295.0,Youngstown,OH,41.0993,-80.6463
350.0,Youngstown,OH,41.0993,-80.6463
34.95,Bartlesville,OK,36.7357,-95.9453
54.95,Claremore,OK,36.3143,-95.6099
14.95,Colbert,OK,33.8578,-96.5043
100.0,Edmond,OK,35.6689,-97.4159
146.25,Edmond,OK,35.6689,-97.4159
100.0,Edmond,OK,35.6689,-97.4159
393.0,Edmond,OK,35.6689,-97.4159
250.0,Grove,OK,36.593,-94.7879
149.0,Meeker,OK,35.4852,-96.8951
35.0,Muldrow,OK,35.4039,-94.5969
54.95,Muldrow,OK,35.4039,-94.5969
295.0,Muldrow,OK,35.4039,-94.5969
31.46,Muldrow,OK,35.4039,-94.5969
200.0,Muldrow,OK,35.4039,-94.5969
250.0,Muldrow,OK,35.4039,-94.5969
195.0,Muldrow,OK,35.4039,-94.5969
695.0,Noble,OK,35.1385,-97.37100000000001
350.0,Norman,OK,35.2335,-97.3471
74.99,Oklahoma City,OK,35.4676,-97.5136
54.95,Red Oak,OK,34.9508,-95.0814
157.5,Tulsa,OK,36.1284,-95.9042
100.0,Tulsa,OK,36.1284,-95.9042
17.0,Tulsa,OK,36.1284,-95.9042
17.0,Tulsa,OK,36.1284,-95.9042
17.0,Tulsa,OK,36.1284,-95.9042
17.0,Tulsa,OK,36.1284,-95.9042
100.0,Tulsa,OK,36.1284,-95.9042
25.0,Tulsa,OK,36.1284,-95.9042
25.0,Tulsa,OK,36.1284,-95.9042
25.0,Tulsa,OK,36.1284,-95.9042
25.0,Tulsa,OK,36.1284,-95.9042
25.0,Tulsa,OK,36.1284,-95.9042
25.0,Tulsa,OK,36.1284,-95.9042
29.95,Aloha,OR,45.492,-122.8726
1995.0,Springfield,OR,44.0538,-122.98100000000001
64.95,Gresham,OR,45.5023,-122.4413
191.25,Happy Valley,OR,45.4362,-122.5077
450.0,Irrigon,OR,45.8959,-119.4883
189.0,King City,OR,45.4011,-122.8071
10.8,Klamath Falls,OR,42.2191,-121.7754
585.0,Oak Grove,OR,45.4156,-122.6349
195.0,Oregon City,OR,45.3415,-122.5927
100.0,Oregon City,OR,45.3415,-122.5927
981.0,Oregon City,OR,45.3415,-122.5927
625.5,Oregon City,OR,45.3415,-122.5927
395.0,Oregon City,OR,45.3415,-122.5927
314.1,Portland,OR,45.5372,-122.65
100.0,Portland,OR,45.5372,-122.65
314.1,Portland,OR,45.5372,-122.65
324.0,Portland,OR,45.5372,-122.65
395.0,Portland,OR,45.5372,-122.65
345.0,Redmond,OR,44.2631,-121.1798
521.25,Redmond,OR,44.2631,-121.1798
125.0,Redmond,OR,44.2631,-121.1798
134.1,Salem,OR,44.9231,-123.0246
64.99,Sublimity,OR,44.8293,-122.7925
350.0,Aliquippa,PA,40.6155,-80.2547
157.5,Allentown,PA,40.5961,-75.4756
37.49,Bethlehem,PA,40.6266,-75.3679
14.95,Bethlehem,PA,40.6266,-75.3679
744.0,Cochranville,PA,39.8905,-75.9241
405.0,Downingtown,PA,40.0076,-75.7019
59.8,Elizabethtown,PA,40.1534,-76.5991
19.95,Elizabethtown,PA,40.1534,-76.5991
349.0,Galeton,PA,41.7338,-77.6454
100.0,Harleysville,PA,40.2791,-75.3872
355.5,Harleysville,PA,40.2791,-75.3872
149.0,Hookstown,PA,40.5989,-80.4738
157.5,Philadelphia,PA,40.0077,-75.1339
225.0,Philadelphia,PA,40.0077,-75.1339
349.0,Indiana,PA,40.622,-79.1552
295.0,King of Prussia,PA,40.0963,-75.382
225.0,Kutztown,PA,40.5213,-75.7772
54.95,Langeloth,PA,40.3631,-80.4137
225.0,Lebanon,PA,40.3412,-76.4227
26.96,Manor,PA,40.3459,-79.6693
100.0,Manor,PA,40.3459,-79.6693
261.75,Manor,PA,40.3459,-79.6693
14.85,Marietta,PA,40.0574,-76.5515
39.95,Marietta,PA,40.0574,-76.5515
295.0,Marietta,PA,40.0574,-76.5515
250.0,Marshallton,PA,40.7853,-76.5366
175.0,Monroeville,PA,40.4262,-79.7605
175.0,Stewartstown,PA,39.7528,-76.5925
175.0,Orwigsburg,PA,40.6541,-76.104
265.5,Reading,PA,40.34,-75.9267
100.0,Scranton,PA,41.4044,-75.6649
55.0,Scranton,PA,41.4044,-75.6649
395.0,Erie,PA,42.1168,-80.0733
315.0,Waynesboro,PA,39.7525,-77.5822
175.0,West Milton,PA,41.0183,-76.8767
175.0,White Haven,PA,41.0566,-75.78
175.0,Wilkes-Barre,PA,41.2468,-75.8759
349.0,Beaufort,SC,32.4597,-80.7235
225.0,Camden,SC,34.2565,-80.6087
500.0,Clemson,SC,34.6837,-82.8124
175.0,Eastover,SC,33.8779,-80.6949
39.95,Fort Mill,SC,35.0062,-80.9388
52.49,Greer,SC,34.9313,-82.2315
112.5,Greer,SC,34.9313,-82.2315
29.95,Summerville,SC,33.0015,-80.1799
149.0,Pickens,SC,34.8857,-82.7103
695.0,Waterloo,SC,34.3562,-82.0571
54.95,York,SC,34.9967,-81.234
149.0,Aberdeen,SD,45.4646,-98.46799999999999
75.0,Beresford,SD,43.0797,-96.7802
157.5,Beresford,SD,43.0797,-96.7802
345.0,Winner,SD,43.3777,-99.855
225.0,Clark,SD,44.8813,-97.7346
168.75,Custer,SD,43.7668,-103.6005
49.95,Hartford,SD,43.621,-96.9424
349.0,Pollock,SD,45.9005,-100.2885
39.95,Rapid City,SD,44.0716,-103.2204
54.95,Sioux Falls,SD,43.5397,-96.73200000000001
202.5,Arlington,TN,35.2594,-89.66799999999999
595.0,Chattanooga,TN,35.0657,-85.2488
295.0,Covington,TN,35.5661,-89.6482
349.0,Harrison,TN,35.1276,-85.1464
521.25,Hendersonville,TN,36.3063,-86.5998
347.5,Knoxville,TN,35.9692,-83.9496
355.5,Shelbyville,TN,35.4987,-86.4516
62.99,Mosheim,TN,36.1955,-82.9655
149.0,Amarillo,TX,35.1988,-101.8311
100.0,Amarillo,TX,35.1988,-101.8311
64.95,Austin,TX,30.3004,-97.7522
395.0,Bandera,TX,29.7253,-99.074
175.0,Del Rio,TX,29.3708,-100.88
84.94,Baytown,TX,29.7586,-94.9669
284.99,Baytown,TX,29.7586,-94.9669
250.0,Stephenville,TX,32.2148,-98.2205
175.0,Brady,TX,31.1322,-99.3697
395.0,Burnet,TX,30.7496,-98.2383
39.95,Canyon,TX,34.9877,-101.9178
99.0,Houston,TX,29.7863,-95.3889
34.95,Houston,TX,29.7863,-95.3889
250.0,Houston,TX,29.7863,-95.3889
17.5,Houston,TX,29.7863,-95.3889
100.0,Houston,TX,29.7863,-95.3889
67.5,Houston,TX,29.7863,-95.3889
350.0,Houston,TX,29.7863,-95.3889
34.99,Houston,TX,29.7863,-95.3889
89.0,Dallas,TX,32.7936,-96.7662
9.95,El Paso,TX,31.8479,-106.4309
19.95,Elgin,TX,30.351999999999997,-97.3879
535.5,Farmersville,TX,33.1609,-96.3608
54.95,Floresville,TX,29.14,-98.163
187.5,Georgetown,TX,30.6668,-97.6953
125.0,Kerrville,TX,30.0398,-99.132
395.0,Kerrville,TX,30.0398,-99.132
64.95,Lavon,TX,33.0245,-96.4397
349.0,Longview,TX,32.5193,-94.7621
100.0,Mansfield,TX,32.569,-97.1211
149.0,Midland,TX,32.0249,-102.1137
695.0,Midland,TX,32.0249,-102.1137
405.0,Midlothian,TX,32.4668,-96.9892
29.95,Midlothian,TX,32.4668,-96.9892
695.0,Montgomery,TX,30.3921,-95.6958
54.95,Nacogdoches,TX,31.6134,-94.6528
349.0,New Braunfels,TX,29.6994,-98.1148
350.0,New Braunfels,TX,29.6994,-98.1148
395.0,North Richland Hills,TX,32.8605,-97.21799999999999
295.0,Odessa,TX,31.8831,-102.3406
29.97,Pearsall,TX,28.8885,-99.0988
495.0,Plano,TX,33.0502,-96.7487
34.99,Sachse,TX,32.9726,-96.5793
349.0,San Antonio,TX,29.4658,-98.5253
35.96,Sherman,TX,33.6274,-96.6218
695.0,South Padre Island,TX,26.1218,-97.1703
100.0,Sugar Land,TX,29.5935,-95.6357
12.0,Sugar Land,TX,29.5935,-95.6357
12.0,Sugar Land,TX,29.5935,-95.6357
419.98,Tomball,TX,30.0951,-95.6194
39.95,Tomball,TX,30.0951,-95.6194
19.95,Tyler,TX,32.3184,-95.3062
314.1,Weatherford,TX,32.7536,-97.7723
295.0,Centerville,UT,40.9284,-111.8849
225.0,Deweyville,UT,41.693000000000005,-112.0883
314.1,Eden,UT,41.3022,-111.8086
100.0,Hooper,UT,41.1599,-112.2871
100.0,Park City,UT,40.6505,-111.50200000000001
175.0,Park City,UT,40.6505,-111.50200000000001
349.0,Salem,UT,40.054,-111.67200000000001
125.0,Salt Lake City,UT,40.7777,-111.9306
175.0,Richmond,VA,37.5295,-77.4756
200.0,Richmond,VA,37.5295,-77.4756
250.0,Richmond,VA,37.5295,-77.4756
100.0,Big Island,VA,37.5351,-79.3615
54.95,Bland,VA,37.1,-81.1161
75.0,Clifton,VA,38.7802,-77.3866
24.95,Front Royal,VA,38.926,-78.1838
125.0,Gainesville,VA,38.7931,-77.6347
695.0,Lynchburg,VA,37.4003,-79.1909
23.98,Remington,VA,38.5346,-77.8083
131.25,Charlottesville,VA,38.0375,-78.4855
345.0,Virginia Beach,VA,36.7335,-76.0435
93.75,Virginia Beach,VA,36.7335,-76.0435
395.0,Newport,VT,44.9375,-72.2088
99.0,Newport,VT,44.9375,-72.2088
175.0,Carson,WA,45.7353,-121.8219
184.99,Creston,WA,47.7594,-118.5201
39.95,Fairchild AFB,WA,47.6186,-117.6484
350.0,Federal Way,WA,47.3091,-122.3358
175.0,Index,WA,47.8212,-121.5562
14.95,Liberty Lake,WA,47.6687,-117.1032
395.0,Mead,WA,47.7795,-117.35
345.0,Moses Lake,WA,47.128,-119.2761
175.0,Newport,WA,48.1788,-117.0543
64.95,Olympia,WA,47.0417,-122.8959
75.0,Olympia,WA,47.0417,-122.8959
149.0,Pasco,WA,46.2506,-119.1304
39.95,Puyallup,WA,47.1794,-122.2902
54.95,Spokane,WA,47.6671,-117.43299999999999
295.0,Spokane,WA,47.6671,-117.43299999999999
295.0,Spokane Valley,WA,47.6626,-117.2346
175.0,Wenatchee,WA,47.4356,-120.3283
195.0,Wenatchee,WA,47.4356,-120.3283
202.5,Yakima,WA,46.5923,-120.5496
700.0,Arlington,WI,43.335,-89.3725
225.0,Barneveld,WI,43.0117,-89.8968
92.44,Cambridge,WI,43.0071,-89.0214
261.75,Cambridge,WI,43.0071,-89.0214
74.99,Cashton,WI,43.7413,-90.7866
175.0,Deerfield,WI,43.0492,-89.0762
29.95,Dousman,WI,43.0088,-88.476
125.0,Ellsworth,WI,44.7364,-92.4806
39.95,Ettrick,WI,44.1695,-91.265
395.0,Fitchburg,WI,42.9859,-89.4255
157.5,Green Bay,WI,44.515,-87.9896
175.0,Hurley,WI,46.4462,-90.1982
34.99,Iola,WI,44.5091,-89.1249
395.0,Markesan,WI,43.7099,-88.9907
395.0,Merrill,WI,45.181999999999995,-89.6995
275.0,Necedah,WI,44.0234,-90.0717
350.0,Necedah,WI,44.0234,-90.0717
175.0,New Berlin,WI,42.9726,-88.1291
395.0,Oconto Falls,WI,44.8738,-88.1444
175.0,Oshkosh,WI,44.0228,-88.5619
64.95,Oxford,WI,43.78,-89.5658
395.0,Reedsburg,WI,43.5347,-89.9965
34.99,Rudolph,WI,44.4972,-89.8018
202.5,Slinger,WI,43.3318,-88.2799
175.0,Slinger,WI,43.3318,-88.2799
355.5,Spring Green,WI,43.1776,-90.0688
53.91,Stoughton,WI,42.9234,-89.2215
175.0,Sturgeon Bay,WI,44.8228,-87.366
134.1,Waterford,WI,42.7646,-88.21600000000001
175.0,Hurricane,WV,38.4293,-82.0168
74.99,Hulett,WY,44.6828,-104.5982
795.0,Casper,WY,42.842,-106.3207
149.0,Casper,WY,42.842,-106.3207
315.0,Casper,WY,42.842,-106.3207
164.95,Casper,WY,42.842,-106.3207
695.0,Casper,WY,42.842,-106.3207
395.0,Cheyenne,WY,41.1351,-104.79
39.95,Cheyenne,WY,41.1351,-104.79
149.0,Cheyenne,WY,41.1351,-104.79
250.0,Cheyenne,WY,41.1351,-104.79
225.0,Cheyenne,WY,41.1351,-104.79
125.0,Cheyenne,WY,41.1351,-104.79
34.99,Cheyenne,WY,41.1351,-104.79
395.0,Cody,WY,44.5212,-109.0549
64.95,Douglas,WY,42.7541,-105.3968
349.0,Douglas,WY,42.7541,-105.3968
64.95,Alpine,WY,43.1631,-111.0196
175.0,Alpine,WY,43.1631,-111.0196
265.5,Lander,WY,42.8313,-108.7599
345.0,Laramie,WY,41.3099,-105.6085
450.0,Moorcroft,WY,44.2643,-104.9473
395.0,Moorcroft,WY,44.2643,-104.9473
64.99,Rock Springs,WY,41.5951,-109.2238
149.0,Gillette,WY,44.2752,-105.4983
34.99,Star Valley Ranch,WY,42.9798,-110.9617
69.98,Wilson,WY,43.486000000000004,-110.8937
